order_id,reservation_id,order_date
1,212,1/6/2025
2,338,2/10/2025
3,426,9/13/2024
4,336,12/22/2024
5,89,9/15/2024
6,236,12/16/2024
7,429,1/29/2025
8,246,11/28/2024
9,210,11/28/2024
10,7,9/15/2024
11,140,8/26/2024
12,301,10/26/2024
13,342,11/24/2024
14,194,1/31/2025
15,167,12/22/2024
16,228,11/5/2024
17,357,10/26/2024
18,292,10/2/2024
19,108,1/9/2025
20,390,1/24/2025
21,275,10/26/2024
22,140,9/30/2024
23,168,12/20/2024
24,256,9/5/2024
25,41,9/18/2024
26,203,11/23/2024
27,266,9/29/2024
28,290,12/13/2024
29,52,10/1/2024
30,194,12/26/2024
31,136,1/31/2025
32,104,2/14/2025
33,189,10/31/2024
34,263,2/12/2025
35,83,10/18/2024
36,184,10/9/2024
37,385,9/7/2024
38,499,10/14/2024
39,119,10/29/2024
40,192,12/29/2024
41,94,10/28/2024
42,328,10/3/2024
43,35,9/17/2024
44,111,2/13/2025
45,29,11/19/2024
46,97,1/19/2025
47,418,1/8/2025
48,163,10/25/2024
49,412,11/9/2024
50,88,9/14/2024
51,449,1/1/2025
52,265,8/28/2024
53,79,9/29/2024
54,454,10/27/2024
55,242,12/15/2024
56,497,1/28/2025
57,44,10/13/2024
58,7,11/20/2024
59,479,9/10/2024
60,13,2/3/2025
61,323,10/31/2024
62,408,11/12/2024
63,491,10/5/2024
64,87,9/7/2024
65,313,2/7/2025
66,293,2/9/2025
67,158,12/10/2024
68,490,9/27/2024
69,284,2/19/2025
70,474,11/4/2024
71,448,11/26/2024
72,30,10/24/2024
73,124,12/28/2024
74,77,8/28/2024
75,492,2/1/2025
76,280,1/23/2025
77,96,2/3/2025
78,3,10/16/2024
79,353,10/16/2024
80,121,11/10/2024
81,469,10/10/2024
82,370,9/12/2024
83,477,2/10/2025
84,357,12/19/2024
85,487,10/16/2024
86,77,12/22/2024
87,72,11/25/2024
88,348,12/10/2024
89,238,1/21/2025
90,294,10/20/2024
91,159,12/1/2024
92,320,11/11/2024
93,155,12/19/2024
94,189,12/15/2024
95,13,1/21/2025
96,18,1/12/2025
97,49,9/10/2024
98,122,8/25/2024
99,79,10/11/2024
100,244,9/14/2024
101,483,1/27/2025
102,304,1/26/2025
103,455,12/25/2024
104,414,11/9/2024
105,214,1/18/2025
106,76,12/4/2024
107,326,2/4/2025
108,239,10/22/2024
109,95,12/28/2024
110,207,12/11/2024
111,451,10/13/2024
112,163,12/19/2024
113,179,11/25/2024
114,211,11/4/2024
115,231,10/19/2024
116,181,10/9/2024
117,337,12/11/2024
118,312,12/1/2024
119,320,1/13/2025
120,456,11/21/2024
121,33,9/28/2024
122,20,1/7/2025
123,321,1/15/2025
124,65,1/12/2025
125,269,11/14/2024
126,140,11/29/2024
127,107,9/29/2024
128,120,11/12/2024
129,39,12/9/2024
130,236,9/12/2024
131,491,11/11/2024
132,479,10/2/2024
133,226,9/9/2024
134,65,12/1/2024
135,342,8/27/2024
136,88,9/5/2024
137,425,10/17/2024
138,161,10/10/2024
139,363,1/4/2025
140,280,12/27/2024
141,434,12/12/2024
142,397,10/31/2024
143,471,10/26/2024
144,159,8/29/2024
145,89,2/18/2025
146,98,1/30/2025
147,374,12/20/2024
148,456,9/15/2024
149,353,10/6/2024
150,479,11/8/2024
151,338,10/26/2024
152,433,12/2/2024
153,20,10/26/2024
154,382,9/1/2024
155,320,1/23/2025
156,175,12/31/2024
157,306,9/23/2024
158,430,11/28/2024
159,481,10/28/2024
160,71,12/26/2024
161,231,2/12/2025
162,190,1/30/2025
163,55,11/11/2024
164,168,12/20/2024
165,451,1/15/2025
166,108,11/18/2024
167,383,11/16/2024
168,406,12/3/2024
169,114,11/12/2024
170,123,1/2/2025
171,433,1/24/2025
172,175,11/20/2024
173,104,12/31/2024
174,419,12/24/2024
175,262,10/19/2024
176,21,12/15/2024
177,128,12/11/2024
178,188,9/6/2024
179,116,2/5/2025
180,180,8/25/2024
181,382,9/19/2024
182,450,8/31/2024
183,462,9/15/2024
184,88,10/12/2024
185,110,8/24/2024
186,11,12/14/2024
187,8,9/9/2024
188,124,10/11/2024
189,161,9/23/2024
190,244,11/20/2024
191,4,9/18/2024
192,258,11/19/2024
193,484,12/14/2024
194,51,11/15/2024
195,96,1/28/2025
196,356,11/18/2024
197,327,9/22/2024
198,178,1/5/2025
199,132,12/27/2024
200,74,12/2/2024
201,260,10/12/2024
202,78,10/21/2024
203,364,9/18/2024
204,28,2/22/2025
205,390,2/18/2025
206,164,12/6/2024
207,383,9/13/2024
208,417,11/10/2024
209,67,2/18/2025
210,384,2/4/2025
211,341,9/22/2024
212,473,10/14/2024
213,491,11/18/2024
214,455,9/17/2024
215,150,1/16/2025
216,15,12/11/2024
217,340,11/24/2024
218,215,11/27/2024
219,42,10/21/2024
220,388,10/22/2024
221,64,1/15/2025
222,276,12/8/2024
223,285,9/14/2024
224,209,9/27/2024
225,51,1/30/2025
226,282,11/14/2024
227,260,11/19/2024
228,148,11/13/2024
229,293,1/20/2025
230,312,8/26/2024
231,181,10/28/2024
232,139,11/11/2024
233,89,2/16/2025
234,255,10/2/2024
235,98,10/15/2024
236,349,11/14/2024
237,366,12/13/2024
238,356,10/17/2024
239,23,11/8/2024
240,273,11/2/2024
241,474,1/26/2025
242,286,11/13/2024
243,29,10/8/2024
244,430,11/12/2024
245,27,1/18/2025
246,206,1/2/2025
247,442,1/8/2025
248,80,10/10/2024
249,2,12/28/2024
250,135,12/4/2024
251,267,2/12/2025
252,375,10/2/2024
253,263,1/21/2025
254,207,12/31/2024
255,488,2/13/2025
256,324,9/20/2024
257,171,1/2/2025
258,426,10/23/2024
259,419,9/29/2024
260,377,10/27/2024
261,24,12/27/2024
262,416,12/27/2024
263,155,1/18/2025
264,18,2/11/2025
265,220,12/29/2024
266,100,11/19/2024
267,162,10/12/2024
268,224,9/13/2024
269,470,11/9/2024
270,155,12/24/2024
271,153,9/6/2024
272,270,12/14/2024
273,81,11/4/2024
274,229,9/13/2024
275,270,2/2/2025
276,13,10/20/2024
277,162,2/19/2025
278,496,10/20/2024
279,396,11/10/2024
280,70,2/2/2025
281,167,2/19/2025
282,203,1/16/2025
283,377,9/20/2024
284,473,2/12/2025
285,16,2/12/2025
286,442,10/8/2024
287,469,9/4/2024
288,202,11/2/2024
289,475,9/9/2024
290,132,1/9/2025
291,90,1/5/2025
292,292,2/17/2025
293,402,2/10/2025
294,489,1/11/2025
295,253,10/6/2024
296,386,10/17/2024
297,475,1/23/2025
298,135,11/15/2024
299,187,1/14/2025
300,319,8/24/2024
301,195,2/3/2025
302,320,12/4/2024
303,381,8/28/2024
304,125,11/23/2024
305,458,9/18/2024
306,39,1/16/2025
307,101,11/15/2024
308,117,1/14/2025
309,396,1/5/2025
310,236,9/16/2024
311,69,11/25/2024
312,129,10/9/2024
313,268,10/26/2024
314,268,9/23/2024
315,262,10/21/2024
316,64,10/7/2024
317,49,9/25/2024
318,238,11/4/2024
319,69,9/24/2024
320,313,11/4/2024
321,289,1/20/2025
322,96,11/27/2024
323,296,1/10/2025
324,367,2/11/2025
325,400,11/18/2024
326,34,12/9/2024
327,231,9/3/2024
328,222,10/25/2024
329,64,1/30/2025
330,472,10/14/2024
331,373,9/8/2024
332,8,12/31/2024
333,302,10/27/2024
334,390,9/24/2024
335,287,1/4/2025
336,189,12/28/2024
337,63,12/8/2024
338,64,2/12/2025
339,321,12/23/2024
340,324,2/16/2025
341,391,10/30/2024
342,432,9/27/2024
343,139,12/3/2024
344,51,9/29/2024
345,119,10/5/2024
346,271,9/5/2024
347,132,9/15/2024
348,225,2/12/2025
349,275,12/14/2024
350,83,10/15/2024
351,498,2/5/2025
352,29,2/10/2025
353,288,11/11/2024
354,130,12/15/2024
355,343,11/1/2024
356,10,12/28/2024
357,445,10/11/2024
358,111,1/3/2025
359,83,10/11/2024
360,93,1/21/2025
361,247,2/18/2025
362,364,1/12/2025
363,300,12/25/2024
364,205,10/11/2024
365,173,11/25/2024
366,198,12/19/2024
367,79,9/30/2024
368,318,11/16/2024
369,139,8/25/2024
370,289,9/12/2024
371,78,1/20/2025
372,90,10/10/2024
373,135,10/6/2024
374,257,2/13/2025
375,242,10/22/2024
376,166,9/30/2024
377,170,10/30/2024
378,170,10/14/2024
379,82,2/18/2025
380,32,2/17/2025
381,406,12/10/2024
382,49,10/26/2024
383,342,12/1/2024
384,275,9/10/2024
385,20,11/14/2024
386,269,12/14/2024
387,319,1/5/2025
388,181,10/2/2024
389,34,1/16/2025
390,369,2/22/2025
391,434,2/20/2025
392,402,9/18/2024
393,51,1/24/2025
394,334,8/27/2024
395,282,10/24/2024
396,38,11/17/2024
397,27,12/30/2024
398,212,2/5/2025
399,209,9/12/2024
400,61,11/9/2024
401,77,9/2/2024
402,14,11/11/2024
403,76,10/20/2024
404,310,8/26/2024
405,255,11/15/2024
406,296,2/6/2025
407,19,1/9/2025
408,96,12/19/2024
409,189,10/4/2024
410,450,9/18/2024
411,206,1/28/2025
412,438,1/30/2025
413,134,1/9/2025
414,442,2/8/2025
415,85,2/5/2025
416,269,2/7/2025
417,57,9/29/2024
418,407,12/1/2024
419,229,11/11/2024
420,164,2/21/2025
421,367,12/15/2024
422,270,10/31/2024
423,35,12/26/2024
424,490,12/10/2024
425,291,10/4/2024
426,404,1/12/2025
427,270,9/18/2024
428,334,12/26/2024
429,33,9/26/2024
430,152,9/1/2024
431,135,11/13/2024
432,447,12/23/2024
433,245,10/8/2024
434,370,10/31/2024
435,276,12/28/2024
436,98,10/18/2024
437,308,1/5/2025
438,482,1/19/2025
439,276,12/10/2024
440,17,11/2/2024
441,484,8/30/2024
442,330,12/29/2024
443,212,12/17/2024
444,39,11/5/2024
445,357,2/19/2025
446,59,11/13/2024
447,351,10/26/2024
448,396,11/21/2024
449,4,1/30/2025
450,97,1/11/2025
451,202,12/6/2024
452,140,1/4/2025
453,169,2/1/2025
454,74,2/14/2025
455,252,9/23/2024
456,63,10/19/2024
457,431,8/29/2024
458,500,8/26/2024
459,64,10/19/2024
460,92,12/30/2024
461,314,1/2/2025
462,401,8/26/2024
463,347,10/1/2024
464,197,9/27/2024
465,246,10/9/2024
466,354,1/10/2025
467,493,11/4/2024
468,138,9/6/2024
469,445,10/7/2024
470,75,1/10/2025
471,486,12/13/2024
472,421,11/5/2024
473,473,1/18/2025
474,88,12/2/2024
475,98,11/25/2024
476,391,10/20/2024
477,124,2/11/2025
478,251,10/16/2024
479,197,1/23/2025
480,6,10/3/2024
481,222,12/30/2024
482,210,8/24/2024
483,28,12/13/2024
484,412,1/6/2025
485,264,9/27/2024
486,1,11/20/2024
487,209,2/5/2025
488,110,12/15/2024
489,483,11/12/2024
490,309,2/6/2025
491,387,10/26/2024
492,313,12/1/2024
493,377,1/10/2025
494,350,9/27/2024
495,305,1/14/2025
496,49,8/28/2024
497,92,11/1/2024
498,500,9/20/2024
499,490,2/13/2025
500,346,10/11/2024
